Model,RMSE,MAE,R2
Tree,2.8715985384945295,2.3170375985208844,-4.198395211707506e-5
LASSO,2.872363534183062,2.3201159456889293,-5.748785735373296e-4
Ridge,2.8728867169862418,2.3201836589992313,-9.394085072575997e-4
OLS,2.882646502081139,2.338058255237765,-0.007751753060222688
RandomForest,2.9128250183965854,2.3614260132545906,-0.028962572464237057
XGBoost,3.0199016641161185,2.4428973713264712,-0.10600321298459536
